Name,Price,Image URL
Snacks Fruta para Perro,1.15 €,https://www.petsonic.com/15756-home_default/snacks-fruta-para-perro.jpg
Snack Iberico para Perro,1.15 €,https://www.petsonic.com/15757-home_default/snack-iberico-para-perro.jpg
Snack Pavo para Perro,1.15 €,https://www.petsonic.com/15758-home_default/snack-pavo-para-perro.jpg
Snack Queso para Perro,1.15 €,https://www.petsonic.com/15759-home_default/snack-queso-para-perro.jpg
Snack Pescado para Perro,1.15 €,https://www.petsonic.com/15760-home_default/snack-pescado-para-perro.jpg
Snack Naturales Filetes de Pollo para Perro,3.42 €,https://www.petsonic.com/15790-home_default/snack-naturales-filetes-pollo-para-perro.jpg
Snacks Naturales Tiras de Pollo para Perro,3.61 €,https://www.petsonic.com/15791-home_default/snacks-naturales-tiras-pollo-para-perro.jpg
Snack Naturales Filetes de Pato para Perro,3.42 €,https://www.petsonic.com/15793-home_default/snack-naturales-filetes-pato-para-perro.jpg
Snacks Naturales Tiras de Pechuga Pato para Perro,3.49 €,https://www.petsonic.com/15794-home_default/pet-munchies-snacks-naturales-tiras-pechuga-pato-para-perros.jpg
Snacks Naturales Tiras de Venado para Perro,3.80 €,https://www.petsonic.com/15795-home_default/snacks-naturales-tiras-venado-para-perro.jpg
Snacks Naturales Bocaditos de Salmón para Perro,3.00 €,https://www.petsonic.com/15826-home_default/snacks-naturales-bocaditos-salmon-para-perro.jpg
Snack Naturales Filetes de Salmón para Perro,3.42 €,https://www.petsonic.com/15827-home_default/snack-naturales-filetes-salmon-para-perro.jpg
Snack Naturales Salmón Skin Chews Medium para Perro,3.37 €,https://www.petsonic.com/15828-home_default/snack-naturales-salmon-skin-chews-medium-para-perro.jpg
Snack Naturales Salmón Skin Chews Large para Perro,3.39 €,https://www.petsonic.com/15829-home_default/snack-naturales-salmon-skin-chews-large-para-perro.jpg
Caja Navidad para Perro,8.99 €,https://www.petsonic.com/13925-home_default/caja-navidad-para-perro.jpg
"Galleta Mini ""Pastel"" Frutos del Bosque para Perro",2.02 €,https://www.petsonic.com/13499-home_default/lolo-pets-galleta-mini-pastel-frutos-bosque-para-perros.jpg
"Galleta Mini ""Pastel"" Chocolate y Frutos Secos para Perro",1.81 €,https://www.petsonic.com/13835-home_default/galleta-mini-pastel-chocolate-frutos-secos-para-perro.jpg
"Galleta ""Pastel de Cumpleaños"" Carne y Verduras para Perro",3.99 €,https://www.petsonic.com/13481-home_default/galleta-pastel-cumpleanos-carne-verduras-para-perro.jpg
"Galleta ""Pastel de Cumpleaños"" Chocolate y Frutos Secos para Perro",3.99 €,https://www.petsonic.com/13482-home_default/lolo-pets-galleta-pastel-cumpleanos-chocolate-frutos-secos-para-perros.jpg
"Galleta ""Pastel de Cumpleaños"" Frutos del Bosque para Perro",3.99 €,https://www.petsonic.com/13483-home_default/galleta-pastel-cumpleanos-frutos-bosque-para-perro.jpg
"Galleta ""Pastel  Love"" Carne y Verduras para Perro",3.99 €,https://www.petsonic.com/13484-home_default/galleta-pastel-love-carne-verduras-para-perro.jpg
"Galleta ""Pastel  Love"" Chocolate y Frutos Secos para Perro",4.50 €,https://www.petsonic.com/13718-home_default/galleta-pastel-love-chocolate-frutos-secos-para-perro.jpg
"Galleta ""Pastel de Love"" Frutos del Bosque para Perro",3.99 €,https://www.petsonic.com/13486-home_default/galleta-pastel-love-frutos-bosque-para-perro.jpg
"Galleta ""Pastel "" Carne y Verduras para Perro",3.99 €,https://www.petsonic.com/13487-home_default/galleta-pastel-carne-verduras-para-perro.jpg
